Company Name, Telephone, Email, Website
2 DAYS INDUSTRIES SDN BHD (MFA-T20) , 019-3885257, teybockseng_84@hotmail.com, NaN
5R TRCHNOLOGY SDN BHD (MFA-F16) , 606-9869888, chia-lyc@hotmail.com, NaN
A PLUS ENTERPRISE (MFA-A26) , 017-8888509, aplusfurniture7115@hotmail.com, NaN
A PLUS SPRAYING ENTERPRISE (MFA-A22) , 017-2015255, aplussprayingenterprise@gmail.com, NaN
ABACI FURNISHING RESOURCES SDN BHD (MFA-Y21) , 606-9860360, abacimarketing@hotmail.com, NaN
ACME UPHOLSTERY MANUFACTURING SDN BHD (MFA-A20) , 010-7131588, acme@acmeupholstery.com.my, www.acmeupholstery.com.my
AH HOCK ENTERPRISE (MFA-A3) , 606-9536573, NaN, NaN
AIK CHEE FURNITURE SDN BHD (MFA-A4) , 606-9728000, simhl@aikchee.com.my / lily@aikchee.com.my, www.aikchee.com.my
AKZO NOBEL ADHESIVES SDN BHD (MFA-C2) , 06-9813099, waichan.lau@akzonobel.com, www.akzonobel.com
ALBERT SIAH ENGINEERING WORK (MFA-A18) , 06-9867216, albertsiah7216@gmail.com, NaN
ALEXIS FURNITURE DECORATION (MFA-A6) , 606-9863288, alexisfur23@gmail.com / chung.maylin@yahoo.com, NaN
ALLIED INTEGRATED MARKETING SDN BHD (MFA-A8) , 606-9811328, monica.lim@live.com, NaN
ALPHABOT MACHINERY SDN BHD (MFA-A27) , 06-9548228, alphabotmachinery@gmail.com, www.alphabot.com.my
ALUSTIL SDN BHD (MFA-A17) , 06-9869069, info@alustil.com.my, www.alustil.com.my/beginn/
AMAZING PREMIUM SDN BHD （MFA-A13） , 606-9863205, NaN, NaN
AN LONG INDUSTRIAL PARTS SDN BHD (MFA-A15) , 606-9542210, anlong_97@hotmail.com / vivianwong1122@gmail.com, NaN
APEX ONLINE (M) SDN BHD (MFA-A21) , 606-9866550, apex4019@gmail.com, NaN
ART FURNITURE INDUSTRIES (M) SDN BHD （MFA-A9） , 606-9857326 / 9857324, elfred@artfim.netivy@artfim.net, www.artfim.net
ART WOODEN PRODUCTS (MFA-A12) , +606 986 7018, NaN, NaN
ASIA GLOBAL PAINTS SDN BHD (MFA-A23) , 06-9872830, asiaglobalpaints@gmail.com, NaN
ASPIRE FURNITURE SDN BHD (MFA-A19) , 06-9866701, aspire858@hotmail.com, NaN
AUSTINE WOOD TRADING (MFA-A14) , 606-9850107, austine_awt@yahoo.com, NaN
BAN HUP HENG HARDWARE SDN BHD (MFA-B5) , +606-952 1287 / 952 2209, bhhhardware@hotmail.com, www.banhupheng.myinfo.my
BAN LENG FURNITURE SDN BHD (MFA-B6) , 606-9864428, NaN, NaN
BAN LENG WOODWORKING SDN BHD (MFA-B25) , 06-9860889, banlengwood@gmail.com, NaN
BAN SON FURNITURE INDUSTRIES SDN BHD (MFA-B7) , 06-9811877, bansonfurniture@gmail.com, NaN
BAND WOOD SDN BHD (MFA-B19) , 017-2487773, jocelynbo@yahoo.com, NaN
BANHONG FURNITURE IND. SDN BHD (MFA-B8) , NaN, NaN, NaN
BENG TIAN ENTERPRISE SDN BHD (MFA-B10) , 606 986 0949, bte1818@yahoo.com, NaN
BERSATU MAJU NIAGA SDN BHD (MFA-B23) , 06-9529868, acct@bmn.my, NaN
BEST BETECK INDUSTRIES SDN BHD (MFA-B21) , 606-9865848, info@bestbeteck.com tang@bestbeteck.com, www.bestbeteck.com
BEST ETS FURNITURE SDN BHD  (MFA-B20) , 012-6969409, ets2990@gmail.com, NaN
BEST-BETECK FURNITURE SDN. BHD. (MFA-B11) , 606-9866967 / 9867967, info@bestbeteck.com, www.bestbeteck.com
BF FURNITURE (MFA-B24) , 06-9867202, bffurniture02@yahoo.com, NaN
BK FURNITURE IND. SDN BHD (MFA-B12) , NaN, NaN, NaN
BLANCO WOOD ENTERPRISE (MFA-B17) , 606-9865250, NaN, NaN
BM FURNITURE SDN BHD　(MFA-B4) , 606-9873868, bm@bmfurniture.com, www.bmfurniture.com
BOW VICTORY SDN BHD (MFA-B16) , 606-9869793, bowvsb@gmail.com, www.bowvictory.com
BRILLIANT BIZ SDN BHD (MFA-B27) , 011-55026599, brilliantbiz88@gmail.com, NaN
BRILLIANT FURNITURE SDN BHD (MFA-B26) , 06-9812328, brilliantfur@yahoo.com / millkmilk99@gmail.com, NaN
BRISK FORCE (M) SDN BHD (MFA-B13) , NaN, NaN, NaN
BS FURNITURE INDUSTRIES (MFA-B3) , 606-9858685 , wweefurn@yahoo.com / jason@bsfurniture.com, www.bsfurniture.com
BUAN LEE INDUSTRIAL SDN BHD (MFA-B14) , 606-9710898 / 9710549, alan7688@hotmail.com, NaN
BUKIT PASIR TRADING (MFA-B15) , 606-9856282 / 9857282, NaN, NaN
BZ FURNITURE SDN BHD (MFA-B22) , 606-9727086, bzfurniture99@gmail.com, NaN
C L TAN FURNITURE SDN BHD (MFA-C27) , 606-9863187, NaN, NaN
C. F. GOLDEN INDUSTRIES SDN BHD (MFA-C29) , 606-9857599, cftee77@gmail.com, NaN
C.S.ELEGANCE SDN BHD (MFA-C23) , 606-9815106, bhlee@csmuar.com, NaN
CALLY ENTERPRISE SDN BHD (MFA-C1) , 606-9813414, NaN, NaN
CASCO FURNITURE ENTERPRISE SDN BHD (MFA-C31) , 606-9865852, cascofurn@hotmail.com, NaN
CE GLOBAL MARKETING & SOURCING SDN BHD , 06-9869910, ceglobal130@gmail.com, NaN
CF FANTASTIC INDUSTRIES SDN BHD (MFA-C37) , 016-3364007, sharon@cffantastic.com / chenfen8@gmail.com, www.cffantastic.com
CGHB STEEL FABRICATION TRADING (MFA-C43) , 606-9864458, cgan1955@gmail.com, NaN
CHANGI INDUSTRIES SDN BHD (MFA-C33) , 606-9727669, changi@changi.net, www.changi.net
CHAU CHEN FURNITURE MANUFACTURER SDN BHD (MFA-C3) , 606-9868686, chauchen88@yahoo.com, NaN
CHEAY ENTERPRISE SDN BHD (MFA-C4) , 06-9865050, info@clvgroup.com.my, www.clvgroup.com.my / www.vistawood.com
CHEE MAY TRADING SDN BHD (MFA-C38) , 06-9865818, cmay8565@hotmail.com, NaN
CHEN FENG ENTERPRISE SDN BHD (MFA-C28) , 6016-2071230, sharon@cffantastic.com / chenfen8@gmail.com, www.cffantastic.com
CHERNYEN INDUSTRIES SDN BHD (MFA-C5) , 06-9858998, info@chernyen.com, www.chernyen.com
CHIAO - LEE POINT SDN BHD (MFA-C6) , 606 - 9540603, k.b.lee@chiaoleepoint.com, www.chiaoleepoint.com
CHIKIA INDUSTRY (M) SDN BHD (MFA-C7) , 606-9868788 / 9868789, pang_chikia@hotmail.com, NaN
CHILY DECO SDN BHD (MFA-C40) , 06-9860261, chilydecosb@gmail.com, NaN
CHIN SING FURNITURE (MFA-C9) , NaN, NaN, NaN
CHUA PUI HANG FURNITURE (MFA-C10)  , 606-9522864, NaN, NaN
CHUAN AIK INDUSTRIES SDN BHD (MFA-C26) , 606-9753816, geeyeo@yahoo.com, NaN
CHUAN YIE FURNITURE INDUSTRIES SDN BHD (MFA-C24) , 606-9863805, chuanyie@hotmail.com, NaN
CHUANHENG FURNITURE PRODUCTS SDN BHD (MFA-C11) , 606-9875678, info@chuanheng.net / ong@chuanheng.net, www.chuanheng.net
CICO ENTERPRISE (MFA-C32) , 606-9857524, cicowood@gmail.com, NaN
CIVIC TAI MANUFACTURING SDN BHD (MFA-C12) , 606-9868781 / 9868791, info@civictaifurniture.com, www.civictaifurniture.com
CK INDUSTRY SDN BHD (MFA-C35) , 6012-6238330, ckplastic@live.com, NaN
CKE ENTERPRISE SDN BHD (MFA-C13) , 606-9866999, info@ckeinternational.com, www.ckeinternational.com
CKL GLOBAL SDN BHD (MFA-C14) , 606-9815435, rachel@cklglobal.com / cklglobal@cklglobal.com, www.cklglobal.com
CLASSIC CREATION OFFICE SYSTEM SDN BHD , NaN, NaN, NaN
COMBI TRADING SDN BHD (MFA-C16) , 06-9858599 / 9858577, export@bripanel.com / chn_ching@yahoo.com, www.dominant.com.my
COMBINATION DESIGN (MFA-C17) , NaN, NaN, NaN
COMFY FACTOR SDN BHD (MFA-C18) , 606-9866500, info@comfyfactor.com / sam@comfyfactor.com, www.comfyfactor.com
COMMERCE FAIR FURNITURE SDN BHD (MFA-C39) , 06-9858818, chong@fairpsb.com, NaN
COREWORLD SDN BHD (MFA-C36) , 606-9863404, amy@cwfurniture.com.my  / tee@cwfurniture.com.my, NaN
CORPORATE SPECIALISTS SDN BHD (MFA-C20) , 606-9811120, info@csmuar.com / admin@csmuar.com, NaN
COSMINES SDN BHD (MFA-C25) , 606-9815121 / 012-638 3222, info@cosmines.com / cherly@cosmines.com, www.cosmines.com
COSTA FURNITURE SDN BHD (MFA-C30) , 606-9850879, costafurniture88@gmail.com, NaN
CRYSTAL COATINGS SDN BHD (MFA-C21) , 606-9858090, ong77@yahoo.com, NaN
CT HAUP HENG SDN BHD (MFA-C22) , 606-9857202, lhib@liihenfurniture.com / doris@liihenfurniture.com, www.liihenfurniture.com
CT HENG FURNITURE SDN BHD (MFA-C34) , 606-9547282, jane@ctheng.com / heng@ctheng.com, www.ctheng.com
CT POON TRADING (MFA-Y19) , 06-9859289, ctpoonpoon@hotmail.com, NaN
CYBORG INDUSTRIES (M) SDN BHD (MFA-C41) , 06-9865563, cyborg989@outlook.com, NaN
D & E MARKETING (M) SDN BHD (MFA-D1) , 606-9545558, dnemrkt@streamyx.com / dnemktg@yahoo.com, www.dnemarketing.com
DACHENG INDUSTRIES (M) SDN BHD , 06-9869039, dacheng5000@yahoo.com, NaN
DARWIN MOULDING ENTERPRISE (MFA-D17) , 06-9863315, darwinnme5959@gmail.com, NaN
DELIGHTFUL RHYTHM SDN BHD , NaN, NaN, NaN
DELTA FURNITURE SDN BHD (MFA-D8) , NaN, shirleyng_9191@hotmail.com, NaN
DELTASPRING SDN BHD (MFA-D12) , +606 951 5219, dison@deltaspring.org, NaN
DI CHIN ENTERPRISE  (MFA-C42) , 06-9872622, dichin2011@gmail.com, NaN
DI CHIN ENTERPRISE SDN BHD (MFA-D11) , 019-259 3816, dichin2011@gmail.com, NaN
DI HONG INDUSTRIES SDN BHD (MFA-D15) , 606-9868688, dihong3966@hotmail.com, NaN
DIGITAL FURNITURE SDN BHD (MFA-D3) , 06-986 5702, NaN, digitalfurniture.com.my
DMI COATINGS SDN BHD (MFA-D4) , +606 986 4818, NaN, NaN
DOMAIN MANUFACTURING SDN BHD (MFA-D9) , +606 986 0988, dmmfg@tm.net.my, NaN
DOUBLE SOON HUAT ENTERPRISE (MFA-D7) , NaN, dshcsc@gmail.com, NaN
DREAM SOFA INDUSTRIES (MFA-D10) , NaN, nee3033@hotmail.com, NaN
DUTHAI TRADING SDN BHD (MFA-D14) , 016-7130262, duthaitrading@gmail.com, NaN
E & W FURNITURE INDUSTRIES (MFA-E16) , +606 985 0217, NaN, NaN
E IMAGE FURNITURE INDUSTRIES (MFA-E13) , NaN, e.image@ymail.com, NaN
EA FURNITURE (MFA-E14) , +606 986 3028, ea_furniture@hotmail.com, NaN
ECO PALLETS SDN BHD (MFA-E2) , +606 981 1718, NaN, NaN
ECOMATE SDN BHD (MFA-E20) , 06-9868558, account@ecomate.com.my, www.ecomate.com.my
EEVEE FURNITURE INDUSTRIES (MFA-E21) , +06952 4290, eeveefurind@gmail.com, NaN
EF FURNITURE SDN BHD (MFA-E3) , +606 985 7202, lhib@liihenfurniture.com, www.liihenfurniture.com
ELEGANT FURNITURE INDUSTRIES (MFA-E15) , +606 986 5331, ckelegant@yahoo.com, NaN
ELEGANT WOOD-LINK SDN BHD (MFA-E4) , +606 981 1328, elegant@elegant-wood.com, www.elegant-wood.com
EMBRACE INDUSTRIES SDN BHD (MFA-E11) , +606 986 8580, yhpua@eritz.com.my / amy@embrace.com.my, www.embrace.com.my
ENG SHENG FURNITURE INDUSTRY (MFA-E5) , NaN, NaN, NaN
ES FURNITURE (M) SDN BHD (MFA-E1) , +606 954 4366, info@esfurniture.com / lew@esfurniture.com, www.esfurniture.com
EURO COATINGS SDN BHD (MFA-E6) , NaN, NaN, NaN
EURO DOME SDN BHD (MFA-E7) , +606 986 8971, eurodomesb@gmail.com / ed@eurodomefurniture.com, www.eurodomefurniture.com
EVERGLOW UPHOLSTERY SDN BHD (MFA-E19) , 06-9812088, everglownew@gmail.com  / ku 1480@gmail.com, NaN
EVERISE WOOD PRODUCTS INDUSTRIES (MFA-E22) , 012-6020422, everisewood@gmail.com, NaN
EVERRISE FURNITURE INDUSTRIES SDN BHD (MFA-E8) , +606 9858888, everrisebakri@hotmail.com, NaN
EVERY RED ENTERPRISE SDN BHD (MFA-E17) , +607 429 1848, everyred2010@hotmail.com, NaN
EXCELLENCE STYLE FURNITURE INDUSTRIES (MFA-E12) , +6017 651 6669, excellencestyle.fur@gmail.com, www.excellencestyle.com.my
EXELIENT SDN BHD (MFA-E23) , 606-9860901, exelientsdnbhd@gmail.com, NaN
EXUS BIOMASS SDN BHD (MFA-E18) , 012-7602866, law@exusbiomass.com, www.exusbiomass.com
EY MARKETING SDN BHD (MFA-E10) , NaN, NaN, NaN
FAIR PRODUCTION SDN BHD (MFA-F15) , 06-9858818, fair@fairpsb.com, http://fairpsb.com
FANTASTIC WOOD PRODUCTS SDN BHD （MFA-F10） , 06-9868255, fantasticwoodproducts@yahoo.com, NaN
FASHION BED GROUP SDN BHD (MFA-F18) , 017-6898725, info@fashionbed.net, NaN
FASPARTS SDN BHD (MFA-F14) , +606 986 0190, fasparts@live.com, NaN
FAVOURITE DESIGN SDN BHD (MFA-F1) , +606 985 5222, christina@liihenfurniture.com, www.liihenfurniture.com
FENG YONG TRADING (MFA-F2) , NaN, NaN, NaN
FENG YUAN INDUSTRIES SDN BHD (MFA-F3) , +606 986 8234, info@fengyuanind.com / jklim@fengyuanind.com / anitalim@fengyuanind.com / spchung@fengyuanind.com / hr02@fengyuanind.com, www.fengyuanind.com
FIRST FLAMES SDN BHD （MFA-F7） , +606-986 3480 / +606-986 3481, info@firstflames.com.my, www.firstflames.com.my
FIRST VELOCITY SDN BHD (MFA-F20) , 606-9865000, enquiry@eritz.com.my, www.eritz.com.my
FLECXI ENTERPRISE (MFA-F4) , NaN, NaN, NaN
FLORENCE BED SDN BHD (MFA (A) - F1) , 607-4558878, meixian@florencebed.com.my, www.florencebed.com.my
FORTUNE STAR FURNITURE INDUSTRIES SDN BHD (MFA-F12) , +6012 619 1500, ortunestar7@hotmail.com, NaN
FU KANG FURNITURE ENTERPRISE (MFA-F9) , NaN, fukangfurniture@hotmail.com, NaN
FU SENG FURNITURE INDUSTRIES SDN BHD , +606 986 3002, fusheng2009@gmail.com, NaN
FUJIBED MALAYSIA SDN BHD (MFA-F5) , +606 952 0555, fujibed@fujibed.com.my / admin@fujibed.com.my, www.fujibed.com.cn
FURNILIFE SDN BHD (MFA-F19) , 606-9528722, frankielim@furnilife.com / annietan@furnlife.com, www.furnilife.com
FURNIMAT SOLUTIONS AND MARKETING SDN BHD (MFA-F21) , 06-9518018, enquiry.furnimat@gmail.com, NaN
FURNSTARS CONCEPT SDN BHD (MFA-F17) , 017-6896066, wiwi2891@hotmail.com, NaN
FURNTRADE SDN BHD (MFA-F6) , +606 986 8592, fmyftrade@myjaring.net / ftmslow@myjaring.net, www.furntrade.net
G HONG FURNITURE INDUSTRY (MFA-G15) , +606 951 3878, nellytan@hotmail.co.uk, NaN
G-ORIENT HARDWARE SDN BHD (MFA-G10) , +606 986 8596 / +606 986 8597, gorientm@streamyx.com, www.g-orient.com
G-STAR INDUSTRIES SDN BHD (MFA-G16) , +606 986 3040, gstarisb@yahoo.com.my, NaN
GAIN EASTERN ENTERPRISE SDN BHD (MFA-G18) , +606 951 0459, gaineastern@hotmail.com, NaN
GAMMA WOOD SDN BHD (MFA-G1) , +606 985 8288, info@gammawood.com, www.gammawood.com
GAO SHENG FURNITURE (M) SDN BHD (MFA-G17) , +606 985 7950, gaosheng@gmail.com, NaN
GATHERWOOD INDUSTRIES (M) SDN BHD (MFA-G2) , +606 975 6466, gatherwd@gmail.com, NaN
GEE SIA FURNITURE SDN BHD (MFA-G3) , +606 981 3462, NaN, NaN
GEE SOON FURNITURE (MFA-G14) , NaN, j.jun_0331@hotmail.com, NaN
GEEN SCREW INDUSTRIES SDN BHD (MFA-G4) , +606 973 6500, geenscrew@gmail.com / sales@geenscrew.com, www.geenscrew.com
GET FURNITURE SDN BHD (MFA-G23) , 606-9507107, gubunited@gmail.com, NaN
GF FURNITURE SDN BHD (MFA-G21) , NaN, NaN, NaN
GLOBALLIS INDUSTRY SDN BHD (MFA-G19) , +606 986 6435, NaN, NaN
GLORY FURNITURE SPRAYING (MFA-G27) , 06-9858996, NaN, NaN
GM FURNISHING (M) SDN BHD (MFA-G28) , 011-18530028, gmfurnishing0028@gmail.com, NaN
GOLD FURNITURE SDN BHD (MFA-G13) , 606-985 8097/06-985 8099, goldfurniture@yahoo.com / goldfurniturepurchase@gmail.com, NaN
GOLD STONE ARTS SDN BHD (MFA-G7) , +606 981 2268, gsa@goldstone-arts.com, www.goldstone-arts.com
GOLDEN HOME ELEGANCE SDN. BHD.  , 606-9736171, info@homelegance.com.my, www.homelegance.com.my
GOLDEN LIFE UPHOLSTERY SDN BHD (MFA-G26) , 012-6198858, goldenlife@glusb.com / markeitng@glusb.com, www.glusb.com
GOLDEN STYLE ENTERPRISE (MFA-G20) , +606 975 2222, jooweeg@hotmail.com, NaN
GOLDEN TECH FURNITURE INDUSTRIES SDN BHD , +606 985 6333, info@goldentechfurniture.com / fong@goldentechfurniture.com, www.goldentechfurniture.com
GOLDINJAYA ENGINEERING TRADING & SERVICES SDN. BHD. (MFA-G6) , 606-9515633, sales@goldinjaya.com.my / jkng@goldinjaya.com.my, www.goldinjaya.com.my
GOLDPINE INTERNATIONAL MANUFACTURING SDN BHD (MFA-G22) , +6012-6545101, goldpine@goldpine.com.my, NaN
GOOD CITY ENTERPRISE  (MFA-G29) , 019-6558166, kooh5217@hotmail.com, NaN
GOODWOOD HECTARES SDN BHD (MFA-G25) ,  606-9863905, mmei26@yahoo.com, NaN
GRAND VICTERY FURNITURE SDN BHD (MFA-G11) , +606 985 7335 / +606 985 0335 / +606 985 9335, info@gvictery.com  hongchon@live.com, www.gvictery.com
GREAT FOAM INDUSTRIES SDN BHD , +606 986 5773 / +606 986 4716, greatfoam@hotmail.com, NaN
GUB FURNITURE INDUSTRIES SDN BHD , 016-7966789, gubunited@gmail.com, www.gubfurniture.com
HAI SENG FURNITURE TRADING (MFA-H1) , +606 976 1055, NaN, NaN
HAK HUAT ENGINEERING WORKS (MFA-H2) , +606 987 4698, NaN, NaN
HANAKO FURNITURE ENTERPRISE (MFA-H39) , 017-6086675, info@goldentechfurniture.com, NaN
HAUP SHEN FURNISHING (M) SDN BHD (MFA-H21) , +606 986 0064, NaN, NaN
HENZ HERITAGE SDN BHD (MFA-H4) , NaN, NaN, NaN
HENZ SHEN ENTERPRISE (MFA-H22) , +606 980 7330, henzshen@hotmail.com, NaN
HERK CHENG ENTERPRISE (M) SDN BHD (MFA-H5) , +606 986 9898, herkcheng@hotmail.com, NaN
HEXIN FURNITURE SDN BHD (MFA-H40) , 017-2276355, hexinfurniture@gmail.com, NaN
HIGH GRADE FURNITURE SDN BHD (MFA-H27) , +606 986 0094, whp@highgrade.com.my, NaN
HIGH VALUE ENTERPRISE SDN BHD (MFA-H6) , +606 985 8888, info@highvalue.com.my, www.highvalue.com.my
HILL PRODUCT SDN BHD (MFA-H32) , 606-9863291, hirowang99@gmail.com, NaN
HO HUAK IRON FACTORY (MFA-H34) , 012-6395015, hohuak@live.com, NaN
HOCK GUAN SENG SDN BHD (MFA-H28) , +606-9812746, hockguanseng@yahoo.com, NaN
HOE TECK WOOD SDN BHD (MFA-H35) , 016-6911910, hemu.ent@gmail.com, NaN
HOK BAN FURNITURE INDUSTRY (MFA-H29) , +606 986 5627, hockban@gmail.com, NaN
HOLZERN FINISHING SDN BHD
(OCEAN MISSION SDN BHD) (MFA-O1) , +606 987 2243, xiryn_05@hotmail.com, NaN
HOME BEST ENTERPRISE CORPORATION SDN BHD , +606 985 6661, homebest@homebest.com, www.homebest.com
HOME BEST ENTERPRISE CORPORATION SDN. BHD. (MFA-H7), +606 985 6661, homebest@homebest.com / admin@relaxfurniture.com, www.homebest.com
HOME CUSHION FURNITURE SDN BHD (MFA-H25) , +606 981 2550, ng_soonhow@yahoo.com, NaN
HOME NEWCASTLE SDN BHD (MFA-H43) , 606-9865000, enquiry@eritz.com.my, www.eritz.com.my
HOME-JS FURNITURE SDN BHD (MFA-H38) , 606-9850850, anna@home-jsfurniture.com, home-jsfurniture.com.my
HOMEOURS SDN BHD (MFA-H44) , 606-9865000, enquiry@eritz.com.my, www.eritz.com.my
HOMESNLIVING INDUSTRIES (M) SDN BHD (MFA-H3) , +606 986 7555, NaN, NaN
HOMMAX FURNITURE SDN BHD (MFA-H37) , 06-9865111, hommax@axfurniture.com, www.hommaxfurniture.com
HOMMAX UPHOLSTERY SDN BHD (MFA-H36) , 016-2380550, hommaxupholstery@axfurniture.com, NaN
HON DAS FURNITURE ENTERPRISE , 014-6256020, hondasfurniture@gmail.com, NaN
HONG LI WOOD RESOURCES SDN BHD (MFA-H31) , 012-68977222, honglitimber@gmail.com, NaN
HONGJING MACHINERY (MFA-H11) , +606 954 1130, hongjingmachinery@yahoo.com, NaN
HOOVER FURNITURE INDUSTRIES (MFA-H13) , NaN, NaN, NaN
HORNG LONG INDUSTRIAL SDN BHD (MFA-H14) , +606 986 7776, hl@hornglong.com.my, www.yeachiuan.com.tw
HOUNG TA SDN BHD (MFA-H30) , +606 981 5587 / +606 981 5588, houngta2000tue@gmail.com, www.houngta.com
HOUSE GOODS INDUSTRIAL SDN BHD (MFA(A)-H1) , 06-3511784, househg@pd.jaring.asia, www.housegoods.com.my
HOVIS INDUSTRIES SDN BHD (MFA-H23) , +606 986 8819, hovis.industries@yahoo.com, NaN
HT WOOD ENTERPRISE (MFA-H15) , NaN, NaN, NaN
HUA JOO SUCCESS INDUSTRY SDN BHD (MFA-H24) , +606 985 7858, hua_joo@yahoo.com, NaN
HUANG FAH FURNITURE INDUSTRY SDN BHD , +606 988 1849, huangfah@streamyx.com, www.huangfah.com
HUDEE INDUSTRIES SDN BHD (MFA-H17) , +606 986 6161 / +606 986 6758, NaN, NaN
HUES FURNISHING SDN BHD (MFA-H42), 06-9858288, huesfurnishings@gmail.com, NaN
HUP SHENG FURNITURE INDUSTRIES SDN BHD (MFA-H18) , +606 978 1517 / +606 978 1516, marketing@hupsheng.com.my, www.dhepfurniture.com.MY
HUP SIN FATT TRADING (MFA-H19) , +606 981 1815, NaN, NaN
HWEE & HONG FURNITURE (MFA-H20) , +606 975 1604, hweehongfurniture@gamil.com, NaN
HWS FURNITURE ENTERPRISE (MFA-H41) , 012-6104004, hws2017@hotmail.com, NaN
IDEA STYLE FURNITURE SDN BHD (MFA-I12) , 06-9556600 / 06-9556602, joonna@ideastylefurniture.com, www.ideastylefurniture.com
IDEAL HOPE FURNITURE SDN BHD (MFA-I1) , +606 987 4710 / +606 987 2928, info@ideahope.com.my, www.idealhope.com.my
IMAX RESOURCES SDN BHD (MFA-I2) , +606 987 2000, imaxres@imaxres.com, NaN
IMEI FURNITURE INDUSTRIES SDN BHD (MFA-I3) , +606 987 2227, imei@streamyx.com / alvin@imeifurniture.com / admin@imeifurniture.com / account@imeifurniture.com, www.imeifurniture.com
INART FURNITURE SDN BHD (MFA- I 4) , +606 987 4227, inart@inartfurniture.com / sales@inartfurniture.com, www.inartfurntiure.com
INSTYLE FURNITURE INDUSTRIES SDN BHD (MFA-I10) , NaN, NaN, NaN
INSTYLE SOFA SDN BHD (MFA-I5) , +606 972 8820 / +606 972 8062, instylesofa@yahoo.com / instylesofa2@yahoo.com, www.instylesofa.net
INTER MULTI FURNITURE SDN BHD (MFA- I 14) , 07-4163333, intermultiandy@yahoo.com / chia873@hotmail.com, NaN
INTERNATIONAL BUSINESS FURNITURE SDN BHD , 019-2274991, jbcm06@gmail.com, NaN
INTIPARK SDN BHD (MFA-I9) , NaN, NaN, NaN
IOI FURNITURE SDN BHD (MFA-I13) , 06-9868199, ioifurnituresb@gmail.com, NaN
ISK INIX SDN BHD (MFA-I16) , 06-9736316, isktop@yahoo.com, NaN
IVORIE INTERNATIONAL SDN BHD (MFA-I15) , 06-9512462, info@ivorieinternational.com, www.ivorieinternational.com
IVORY COLLECTION SDN BHD , NaN, NaN, NaN
JANPANG ENTERPRISE SDN BHD (MFA-J6) , 606-9519281, janpangent@gmail.com, NaN
JAYE-TECH INDUSTRIES SDN BHD (MFA-J1) , +606 986 9049 / +606 986 5901, jayetech@hotmail.com, www.jayetech.com.my
JETEXIM BUSINESS SDN BHD (MFA-J11) , 06-9555855, gloryjet@gmail.com, glory4erer.com
JIA LER SPRAYING FURNITURE SDN BHD (MFA-J7) , 606-9863194, vicky5263@hotmail.com, NaN
JIA YE WOOD SDN BHD (MFA-J3) , +606 987 3155, jiayewood@hotmail.com, NaN
JIA YUAN TRADING SDN BHD (MFA-J5) , 606-9873155, jytrading@hotmailc.om, NaN
JIAN XIN FURNITURE ENTERPRISE (MFA-J12) , 019-6667841, jianxin8281@gmail.com, NaN
JIAN XING ENTERPRISE (MFA-J2) , NaN, jian.xing2010@hotmail.com, NaN
JIT FURNITURE SDN BHD (MFA(A)-J1) , 06-2658758, jitfurniturefw@gmail.com / jitacctjf@gmail.com, NaN
JOHANN & JOANN CONCEPT SDN BHD (MFA-J9) , 06-9850000, admin@jnjconcept.com info@jnjconcept.com, www.jnjconcept.com
JONFONG WOOD PRODUCTS SDN BHD (MFA-J8) , 606-3513581, jf@jonfongwood.com, http://www.jonfongwood.com
JUNMA FURNITURE TRADING  (MFA-J13) , 606-9856611, jmfurn@hotmail.com, NaN
JUSTERN ENTERPRISE (MFA-J4) , +606 985 0850, anna@home-jsfurniture.com, NaN
K S WOOD ART SDN BHD (MFA-K10) , +6012 688 8933, alicelee8863@yahoo.com / kidzgarden@hotmail.com, NaN
KA YON FURNITURE INDUSTRIES SDN BHD (MFA-K12) , +606 987 2044, jasminelim5272@gmail.com, NaN
KAADEE FURNITURE & RENOVATION WORK SDN BHD (MFA-K1) , +606 986 3285, hlan@kaadeefurniture.com, www.kaadeefurniture.com
KAI HUAT FURNITURE TRADING SDN BHD (MFA-K2) , +606 986 7125, kaihuatfurniture@gmail.com, NaN
KAR SOON HENG INDUSTRIES SDN BHD (MFA-K21) , 06-9857272, karsoonheng@hotmail.com, NaN
KE COATING SDN BHD (MFA-K23) , 016-2755515, kecoating83@gmail.com, NaN
KEPPEL FURNITURE INDUSTRIES SDN BHD (MFA-K13) , NaN, kfi@streamyx.com.my, NaN
KEPPEL WOOD INDUSTRIES (M) SDN BHD (MFA-A2) , 017-2645588, afafurniture@afafurniture.com, www.afafurniture.com
KH BROTHERS FURNITURE (MFA-K24) , 017-8436806, khbrothers15@gmail.com, NaN
KIAN HONG TRADING (MFA-K3) , +606 951 6327, NaN, NaN
KIAN HUAT TRADING CO (MFA-K4) , NaN, NaN, NaN
KIAN LEE WOOD ENTERPRISE (MFA-K20) , 606-9811889, kianleewood@gmail.com, NaN
KIAN LEE WOOD INDUSTRIES SDN BHD (MFA-K14) , +606 981 1889, kianleewood@gmail.com, NaN
KIAN NAM FURNITURE (M) SDN BHD (MFA-K5) , +606 952 3184, NaN, NaN
KIAN SWEE SENG INDUSTRIES SDN BHD (MFA-K8) , +606 986 5598, info@kiansweeseng.com, www.kiansweeseng.com
KILANG KAYU GETAH & PERABUT SDN BHD (MFA-K16) , +606 448 6100, kkg2011@yahoo.com.my, NaN
KILANG SPAN PIAW JUN (MFA-K6) , +606 951 7479, NaN, NaN
KIM FURNITURE ENTERPRISE (MFA-K15) , +6012 613 2211, NaN, NaN
KK BEST ENTERPRISE (MFA-K19) , 606-9865668, info@kerfurniture.com, www.kerfurniture.com
KOK SENG FURNITURE (MFA-K7) , NaN, NaN, NaN
KOK WEE SIANG WOOD ENTERPRISE (MFA-K22) , 012-3215152, kokweesiang@hotmail.com, NaN
KURNIA SEJATI SDN BHD (MFA-K18) , 606-9737136, kurnialee@yahoo.com, NaN
KYK ZIPPER SDN BHD (MFA-K17) , 606-9868882, kykzipper@gmail.com, NaN
L.S.A. ENGINEERING SDN BHD (MFA-L16) , +606 953 8439, otmmuiwa@hotmail.com, NaN
LAVIAN SDN BHD (MFA-L36) , +606-985 0000, lavian88@gmail.com, NaN
LB FURNITURE SDN BHD (MFA-L1) , +606 986 5500, info@lbfurniture.com / esther@lbfurniture.com / purchasing@lbfurniture.com, www.lbfurniture.com
LB MEGA MARKETING , +606 951 1970, NaN, NaN
LC WOOD INDUSTRIES SDN BHD (MFA-L4) , NaN, lcwood@streamyx.com, NaN
LEE FENG FURNITURE TRADING (MFA-L32) , 017-7890790, leefengfurniture@gmail.com, NaN
LEE FURNITURE CORPORATE SDN BHD (MFA-L34), 06-9850850 (012-6182362), leefurniturecorporate@gmail.com, NaN
LEE KIONG INDUSTRIES SDN BHD (MFA-L5) , +606 986 4301, lkindust@streamyx.com, NaN
LENCASA SDN BHD (MFA-L6) , +606 985 0000, info@lencasa.com, www.lencasa.com
LEO UP ENTERPRISE SDN BHD (MFA-L28) , +6016 2282197, marketing@leoupenterprise.com, www.leoupenterprise.com
LEONG KUO WOOD INDUSTRIES (M) SDN BHD (MFA-L29) , +606 981 5125 / 981 2885, leongkuowood@gmail.com / admin@leongkuowood.com, NaN
LESING CUSHION SDN BHD (MFA-L25) , +606 985 7646 / +606 985 6792, lesing09@yahoo.com, NaN
LIAN HONG FURNITURE (MFA-L8) , NaN, NaN, NaN
LIAN SOON HENG FURNITURE (MFA-L9) , NaN, NaN, NaN
LIEN YEU CERMIN (MUAR) SDN BHD (MFA-L31)  , 606-9865050, info@clvgroup.com.my / ivy@vistawood.com  / account@clvgroup.com.my, NaN
LIFESTYLE INTERNATIONAL SDN BHD (MFA-L10) , +606 986 9737 / +606 986 9739, venusn@lifestyle-us.com, www.forbiddencity.us.com
LII HEN INDUSTRIES BERHAD (MFA-L11) , +606 985 7202, marketing@liihenfurniture.com / lhib@liihenfurniture.com, www.liihenfurniture.com
LII KOU FURNITURE (MFA-L21) , +606 986 9810, NaN, NaN
LIK YEK SDN BHD (MFA-L41) , 06-9856661, admin@relaxfurniture.com, NaN
LIKYEN FURNITURE INDUSTRIES SDN BHD (MFA-L27) , +606 985 8205, lct469@yahoo.com, NaN
LING & NG TRADING (MFA-L30) , 606-9858743, lingchenghong@yahoo.com, NaN
LINMAS MACHINERY SDN BHD (MFA-L20) , +606 9755188, linmasmac@gmail.com, NaN
LIP GEE SDN BHD (MFA-L13) , +606 981 1128, lgso@lipgee.comong@lipgee.com, www.lipgee.com
LITAKO ENTERPRISE SDN BHD (MFA-L14) , +606 952 3258 / +606 954 2258, ltk@litako.com, www.litako.com
LITASHEN FURNITURE SDN BHD (MFA-L39) , 012-7171992, litashen_5339@hotmail.com, NaN
LIVING CUSHION SDN BHD (MFA-L33) ,  06-9860335/336, livingcushion@yahoo.com, NaN
LIVING NATURE SDN BHD (MFA-L24) , +606 978 3111, NaN, NaN
LIVING SOFA (MFA-L26) , +606 987 2417, livingsofa@hotmail.com, NaN
LIVING WORLD (M) SDN BHD (MFA-L23) , +606 9873223, info@livingworld.com.my, www.livingworld.com.my
LLE HING TRADING SDN BHD (MFA-L35) , 06-9866145, llehing888@hotmail.com, NaN
LLT COLD CURE FOAM (MFA-L15) , NaN, NaN, NaN
LONGTITUDE WOOD (MFA-L40) , 013-8178055, longtitudewood@gmail.com, NaN
LSG FURNITURE SDN BHD (MFA-L37) , 06-9860335, sia@lsgfurniture.com.my / law@lsgfurniture.com.my, www.liihenfurniture.com
LTS MACHINERY & HARDWARE SDN BHD (MFA-L42) , 06-9868288, michelle@lts2u.com, www.lts2u.com
LY GUAN FURNITURE INDUSTRIES SDN BHD (MFA-L19) , +6012 656 2033, lyguanent@gmail.com, NaN
LYCORA SDN BHD (MFA-L18) , +606 986 9888, info@lycora.com.my, www.lycora.com.my
LYL IMPEX SDN BHD (MFA-L38) , 012-3109205, impex@lyl.com.my, NaN
M EIGHT MARKETING (MFA-M34) , 016-6609549, lcw1725@hotmail.com, NaN
M LIM FURNITURE (MFA-M19) , +6012 910 5501, mshengmc@gmail.com, NaN
M.E POLYURETHANE INDUSTRY SDN BHD (MFA-M33) , 06-9857288, mepolyurethane@gmail.com, NaN
MA TECK INDUSTRY (MFA-M25) , 606-9860291, weetongsun5313@gmail.com, NaN
MACRO MILESTONE SDN BHD (MFA-M12) , 606 986 7489, sin6126@gmail.com, NaN
MAGNITIUM INDUSTRY SDN BHD (MFA-M31) , 606-9867724, magnitiumindustry@gmail.com, NaN
MAJOR ELEGANCE SDN BHD (MFA-M16) , +606 985 7652, arvin_3936@yahoo.cm.sg, NaN
MAJOR SKYLINE SDN BHD (MFA-M14) , +606 975 7010, majorskylinesdnbhd@yahoo.com, NaN
MASTER GRADE FURNITURE INDUSTRIES SDN BHD , 606-9869598, mg.purchasing@gmail.com , NaN
MAX POINT DESIGN SDN BHD (MFA-M2) , +606 955 5770, info@maxpointdesign.com / sallytan@maxpointdesign.com, www.maxpointdesign.com
MAYTECK KILANG KAYU DAN PERABUT SDN BHD (MFA-M22) , +606 972 7888, mtkkpsb@gmail.com, NaN
MCI EXCELLENT SDN BHD (MFA-M9) , +606 265 8758, limleyha@gmail.com, NaN
MEDWIN INTERNATIONAL FURNITURE (M) SDN BHD (MFA-M26) , 606-9860166, medwin@medwinfurniture.com / angela@medwinfurniture.com, NaN
MEGAYEAR INDUSTRIES SDN BHD , +606 986 8966, megayear.ind@hotmail.com.my, NaN
MEIHUA MASTER SDN BHD (MFA-M36) , NaN, yuan130718@gmail.com, NaN
MERCHANT LINK SDN BHD (MFA-M17) , +606 953 2697, NaN, NaN
MF INTERNATIONAL SDN BHD (MFA-M30) , 606-9873959, yhlim@mfinternational.net  / marketing@mfinternational.net, NaN
MING HENG FURNITURE (MFA-M3) , +606 986 6629 / +606 986 8379, NaN, NaN
MING SENG WOOD PRODUCTS SDN BHD (MFA-M8) , +606 981 2764, NaN, NaN
MKH FURNITURE (MFA-M32) , 06-9869287, mkhfurniture@hotmail.com, NaN
MKH FURNITURE SPRAYING SDN BHD (MFA-M35) , 06-9863869, mkhfurniturespraying@hotmail.com, NaN
MODERN MOBILE FURNITURE ENTERPRISE , +6016 986 5588, new.yc@hotmail.com, NaN
MODERN TECH INDUSTRY (MFA-M4) , NaN, NaN, NaN
MORENO UPHOLSTERY INDUSTRIES SDN BHD , 606-9869958, moreno.upsty@gmail.com, NaN
MR PACKAGING SDN BHD (MFA-M37) , 606 - 9542210, mrpackagingac@gmail.com, NaN
MS SOFA MANUFACTURER SDN BHD , 017-2527756, mssofamfc@gmail.com, NaN
MUAFUR INDUSTRIES SDN BHD (MFA-M5) , +606 987 3101, marketing@muarfur.net / ltchua@muarfur.net, NaN
MUAPO SDN BHD (MFA-M11) , +606 985 6258, info@muapo.com, www.muapo.com
MUAR FU YI SDN BHD (MFA-M15) , +606 987 5079, muarfuyi@gmail.com, NaN
MUAR KUO LIN FURNITURE SDN BHD , 606-9811366, muarkuolin@gmail.com  / kllim5923@gmail.com, NaN
MUAR SAWMILL CO SDN BHD (MFA-M1) , +606 952 3064, NaN, NaN
MV FINISHING (M) SDN BHD (MFA-M20) , +606 986 3092, mvfinishing@gmail.com, NaN
N-GEE TRADING SDN BHD (MFA-N5) , +606 951 1931, ngee.trd@gmail.com, NaN
NAGA KIRANA PACKAGING SDN BHD , +606 987 2918 / +606 987 5766, sia1007@hotmail.com, NaN
NATION WOOD PRODUCTS SDN BHD (MFA-N3) , +606 986 5797, nationwp@yahoo.com, NaN
ND WOOD INDUSTRIES SDN BHD (MFA-N10) , +6012 619 4016, jade.ong@hotmail.com, NaN
NEAN EIK TRADING SDN. BHD. (MFA-N6) , 606-9753586, neaneik@gmail.com, www.neaneik.com.my
NEW HIGHLY FURNITURE SDN BHD , 606-9869513, NaN, NaN
NEXT TRADING SDN BHD (MFA-N23) , 06-9858348, ntsbmarketing@gmail.com, NaN
NGEE HUAT INDUSTRIES SDN BHD , +606 981 5486, ngeehuat_sdn@yahoo.com / nh3033@yahoo.com, NaN
NICEYEAR SYSTEM SDN BHD (MFA-N14) , 06-9872380, NaN, NaN
NIKAY INDUSTRIES SDN BHD (MFA-N7) , +606 957 2406, info@nikay.com, NaN
NIKKO KITCHEN & DECORATION SDN BHD (MFA-N20) , 012-6973995, nikkokitchen2016@gmail.com, NaN
NINETY S FURNITURE SDN BHD (MFA-N24) , 06-9858112, dyven@90sfurniture.com, www.90sfurniture.com
NITCOS TECHNOLOGIES SDN BHD (MFA-N22) , 06-9754055, nitcostechnologies@yahoo.com, NaN
NOVA TALENT SDN BHD (MFA-N8) , +606 986 3333, enquiry@novatalent.com.my / kelvin@novatalent.com.my, www.novatalent.com.my
NS CREATIVE SDN BHD (MFA-N16) , 606-9875511, ns.creative@yahoo.com, NaN
NS FURNITURE SDN BHD (MFA-N25) , 06-9875511, ns.creative@yahoo.com, NaN
NS LIVING SDN BHD (MFA-N26) , 06-9875511, ns.creative@yahoo.com, NaN
NT CUSHION SDN BHD (MFA-N17) , 017-6855771, ssnew7052@hotmail.com, NaN
NU WOOD INDUSTRIES (MFA-N11) , +606 986 3193, raymondpun@live.com.my, NaN
NUTRACRAFT SDN BHD (MFA-N13) , +606 986 0901, account@mobiliainternational.com, NaN
NV COLOR SDN BHD (MFA-N21) , 012-7658894, nvcolorsb@gmail.com /  aiweilaw@hotmail.com, NaN
NYS TRADING SDN BHD (MFA-A6) , 606-9863288, nystradingsb@gmail.com / chung.maylin@yahoo.com, NaN
OMAY ENTERPRISE (MFA-O3) , NaN, omayenterprisemuar@gmail.com, NaN
OSHI FURNITURE SDN BHD (MFA-O2) , 606-9865670, info@oshifurniture.com, http://www.oshifurniture.com
P.H. CHIEW & BROTHERS SDN BHD , +606 951 6552, NaN, NaN
PANORAMIC EXCELLENCE SDN BHD (MFA-P2) , +606 975 5616, info@panoramicexcellence.com, www.panoramicexcellence.com
PARAGON PROGRESS SDN BHD (MFA-P18) , +606 985 6881 / +606 985 0811, paragonprogress@hotmail.com, www.paragonprogress.com
PERABUT CHIP HONG SDN BHD (MFA-P3) , +606 987 2380, chiphong@chiphong.com / susan@chiphong.com, www.chiphong.com
PERFECT 1 FURNITURE SDN BHD (MFA-P22) , 606-9863253, toponefurn5770@yahoo.com, NaN
PERFECT LAMINATION ENTERPRISE , +606 979 1733, perfect16032@gmail.com, NaN
PERINDUSTRIAN PERABOT ANDA SDN BHD , +606 952 8051, NaN, www.tubewoy.com.my
PERMATA TECHONOLOGY (POLYURETHANE) SDN BHD , 606-9766588 / 6589, ptmtechpoly@gmail.com, NaN
PERNIAGAAN SENG DEE (M) SDN BHD (MFA-P5) , +606 951 9199, sengdee82@gmail.com, www.sengdee.com
PERNIAGAAN WEE LEE LIANG (MFA-P6) , +606 985 6505, NaN, NaN
PERNIAGAAN WEE YANG (MFA-P7) , +606 981 1958, NaN, NaN
PERNIAGAAN YANG SHING (MFA-P10) , +6012 693 8005, psgoh08@yahoo.com, NaN
PIAU CHEZ SDN BHD (MFA-P9) , +606 985 8118, annie.888@piauchez.com / hr@piauchez.com / sandy@piauchez.com, www.piauchez.com
PINE PACKAGING (M) SDN BHD (MFA-P16) , +606 265 0333, admin@pinepkg.com, NaN
PINNACLE WOOD RESOURCES SDN BHD , 606-9869082, cherly@pinnacle-wood.com / wee@pinnacle-wood.com, NaN
PNW MULTI ENTERPRISE SDN BHD , +606 986 7490, pnw22@yahoo.com, NaN
POH LONG INDUSTRIES (MFA-P19) , +606 986 7788, poh_long_7788@hotmail.com, NaN
PORETAT INDUSTRIES SDN BHD (MFA-P13) , +606 986 9246, jackng7777@hotmail.com, www.poretat.com
PRO-WOODWORKS INDUSTRIES SDN BHD , NaN, NaN, NaN
PROSPER BOX SDN BHD (MFA-P20) , +606 981 1555, NaN, NaN
PROSPERITY WOOD TRADING (MFA-P23) , 606-9863595, prosperity.wood@yahoo.com, NaN
PS FURNITURE SDN BHD (MFA-P1) , +606 981 2900, psfurniture88@yahoo.com.my, NaN
PURE STAR EXPORT SDN BHD (MFA-P26) , 606 - 9865688, purestar@purestarexport.com / acc_purestarexportsb@outlook.com, www.purestarexport.com
PURE STAR SYNERGY SDN BHD (MFA-P15) , +606 985 8999, psfurn@tm.net.my / suching.tan@hotmail.com, www.purestarssb.com
QFI FURNITURE INDUSTRIES (MFA-Q1) , +606 981 5598 / 012-6975667, gfi1212@live.com.my, NaN
QIAO LI ENTERPRISE (MFA-Q3) , NaN, shttsb@yahoo.com.my, NaN
QR FURNITURE SDN BHD (MFA(A)-Q1) , 06-2658758, qrfurniturefw@gmail.com, NaN
QUALITY FURNITURE SDN BHD (MFA-Q2) , +606 265 8759, limleyha@gmail.com, NaN
QUALITY PLANET SDN BHD (MFA-Q4) , +606 986 3690, qp3690@hotmail.com, NaN
RECO-ARIES FURNITURE SDN BHD , +606 981 1032, ariesfurn@yahoo.com, www.reco-aries.com.my
RESERN ENTERPRISE SDN BHD (MFA-R1) , +606 986 0001, resern@streamyx.com, NaN
RIAN HENG WOODEN FURNITURE INDUSTRIES SDN BHD , +606 986 3504, rian.heng@yahoo.com, NaN
RICCO FURNITURE MARKETING (MFA-R2) , +6012 607 2637, ricco9188@yahoo.com, NaN
RICHWOOD MASTER SDN BHD (MFA-R8) , 06-9813268, info@richwoodmaster.com.my, www.richwoodmaster.com.my
RITORI FURNITURE INDUSTRIES SDN BHD (MFA-R6) , 06-9865955, Shena@rianheng.com.my / daphne@rianheng.com.my, NaN
RITZ PANEL INDUSTRIES SDN BHD (MFA-R7) , 012-6694842, lim@comfyfactor.com / evonne@comfyfactor.com, NaN
RUBBER WOOD ENTERPRISE (MFA-R5) , 017-7762075, seeanngiap@hotmail.com, NaN
S.K. FURNITURE SDN BHD (MFA-S1) , +606 986 5562, sernkou@sernkou.com, www.sernkou.com
SANYU GSL ENTERPRISE (MFA-S43) , NaN, NaN, NaN
SB FURNISHING (MFA-S66) ,  017-6635833, sbfurnishing888@gmail.com, NaN
SE CUSHION ENTERPRISE (MFA-S44) , +606 953 1323, vicky.tee@live.com, NaN
SELEONG TRADING SDN BHD (MFA-S3) , 606-9859991, seleongtrading@hotmail.com, NaN
SENAMY INDUSTRIES SDN BHD (MFA-S37) , +606 986 7021 / +606 986 0087, senamyindustries@yahoo.com, NaN
SENG BOK INDUSTRIES SDN BHD (MFA-S41) , +606 986 5657, seng.bok@hotmail.com, NaN
SENG HUAT FURNITURE CONTRACTOR , +6012 612 4554, xinsenghuat@gmail.com, NaN
SEOW BUCK SEN FURNITURE (M) SDN BHD , +606 954 2853, eddie@seowexport.com, seowexport.com.my
SERN KOU FURNITURE INDUSTRIES SDN BHD , +606 986 5562, sernkou@sernkou.com, www.sernkou.com
SH FURNITURE INDUSTRIES (MFA-E9) , +606 986 4713, NaN, NaN
SHENG HAO INDUSTRY SDN BHD (MFA-S22) , +606 972 7829, shenghao_industry@hotmail.com / shenghao5475@gmail.com, NaN
SHENG XIANG ENTERPRISE SDN BHD (MFA-S65) , 06-9868533, tan2263@live.com, NaN
SHENG YONG FURNITURE SDN BHD (MFA-S67) , 06-9858112, purchasing@syfurniture.com.my, www.syfurniture .com.my
SHH FURNITURE INDUSTRIES SDN BHD (MFA-S6) , +606 973 6601, shhfur@streamyx.com / patrick@shh.com.my, www.shh.com.my
SHIN AIK MARKETING (M) SDN BHD (MFA-S58) , 606-9751594, shinaikfurniture@yahoo.com, www.shinaik.com
SHUN LEE SUCCESS ENTERPRISE (MFA-S63) , 606-9872663, escom0002@gmail.com, NaN
SIGG COATES SDN BHD (MFA-S68) , 06-9863927, siggcoates@hotmail.com, NaN
SIGGS HOME MANUFACTURING SDN BHD (MFA-S73) , 06-9867273, celine@siggshome.com, NaN
SIM HUP SENG FURNITURE SDN BHD (MFA-S7) , +606 985 8244 / +606 985 7478, mktg@simhupseng.com / mktg.shs@gmail.com, www.simhupseng.com
SIMEWOOD PRODUCTS SDN.BHD.  , 06-987 3389, simewood@tm.net.my / marketing@simewood.com, https://www.simewood.com/index.html
SIN BENG LEE FURNITURE INDUSTRIES SDN BHD (MFA-B9) , 606-9865248 / 5970, admin@sinbenglee.com, sinbengleefurniture.com
SIN CHING MACHINERY SDN BHD (MFA-S10) , +606 986 4222, scmmuar@gmail.com, NaN
SIN CHUAN HUI INDUSTRIES SDN BHD , 606-9864426, hchock2@hotmail.com, schui.com.my
SIN HENG FURNITURE INDUSTRIES SDN BHD (MFA-S35) , +606 986 5558, sinheng@sinheng.com / admin@sinheng.com, www.sinheng.com
SIN HOCK GUAN TRADING SDN BHD , +606 981 2433, NaN, NaN
SIN HWA HONG INDUSTRIES SDN BHD , +606 981 1135, NaN, NaN
SIN HWA HONG WOOD CRAFT SDN BHD (MFA-S74) , 06-9811135, sinhwahong777@gmail.com, NaN
SIN JIM PLASTIC INDUSTRIES SDN BHD (MFA-S47) , +606 985 8909, sinjimplas@yahoo.com, www.sjsinjim.com
SIN WEE SENG INDUSTRIES SDN BHD (MFA-S13) , +606-9875999, sws@swssofa.com, www.swssofa.com
SIN YU PLASTIC MOULD INDUSTRY , 012-6162297, bk5922@yahoo.com.my, NaN
SINCERITY INDUSTRY (MFA-S69) , 06-9872044, sincerityindustries558@gmail.com, NaN
SING CHI COATING SDN BHD (MFA-S14) , +606 986 7215, sccibing@yahoo.com, NaN
SING HUAT FURNITURE SDN BHD (MFA-S18) , 012-6368177, singhuat@live.com.my, NaN
SING LEE SIANG TIMBER & TRADING SDN BHD , 06-9511618, sls9352@hotmail.com, NaN
SINHUIWAN FURNITURE SDN BHD , 017-6257972, huiwan85@hotmail.com, NaN
SJ GLOBAL MARKETING SDN BHD (MFA-S75) , 06-9863777, sjglobal_acc@yahoo.com, www.sjsinjim.com
SJ LIM INDUSTRY (MFA-S70) , 06-9860809, sjlimindustry@gmail.com, NaN
SJI INDUSTRIES SDN BHD (MFA-S15) , +606 973 6866, hrsji@sjigroup.com, www..sji.com.my
SJY DESIGN & CONTRACTS SDN BHD , +606-952 8789, sjyy@sjy.net, www.sjy.net
SKY LEATHER INDUSTRIES SDN BHD , 606-9864600, skyleather88@gmail.com, NaN
SL PACKAGING SYSTEM SDN BHD , +606 986 4028, partcell7012@gmail.com, NaN
SLK FURNITURE DESIGN SDN BHD (MFA-S39) , +606 985 0561, pennygoh0511@gmail.com / pennygoh3881@hotmail.com, NaN
SM INDUSTRIES FURNITURE SDN BHD (MFA-S60) , 606-9813688, sm_industries@hotmail.com, NaN
SMART AUTOMATION SDN BHD (MFA-S19) , 016-9800663, smart.automation@hotmail.com, NaN
SMART FURNITURE INDUSTRIES (MFA-S45) , +606 986 6180, smartfur@hotmail.com, NaN
SOFA WORKS SDN BHD (MFA-S55) , 606-9865551, itworkssofaworks@gmail.com, NaN
SOFT LINE FURNITURE (MALAYSIA) SDN BHD , 606-9873060, sales@softlinemalaysia.com, NaN
SOON CHEONG METAL WORKS (MFA-S36) , +606 986 5188 / +606 986 5288, sooncheong_93@yahoo.com, NaN
SOON GAO ENTERPRISE SDN BHD (MFA-S72) , 06-9546744, soongao@hotmail.com, NaN
SOON HER SING INDUSTRIES (M) SDN BHD , +606 987 2929, sllim@acmi.net / admin@acmi.net, www.acmi.net
SOON LEE FURNITURE (MFA-S5) , +606 986 6063, soonlee_furniture@yahoo.com, NaN
SOON TA PLASTICS SDN BHD (MFA-S56) , 606-9868897, soon_ta7988@hotmail.com, NaN
SOPRO FURNITURE SDN BHD (MFA-S23) , +606 975 1096, NaN, NaN
SPRING ART INDUSTRIES (M) SDN BHD , +606 985 9971 / +606 985 8114, sales@springart.com, www.springart.com
ST WOOD AND VENEERS SDN BHD , +606 986 9036, stwood@stwood.net, NaN
STG FURNITURE INDUSTRIES SDN BHD , 606-9812339, stgfurniture@gmail.com, stgfurniture2u.com
STS ENTERPRISE SDN BHD (MFA-S71) , 06-9815598, qfi1212@live.com.my, NaN
SUASA KREATIF (M) SDN BHD (MFA-S26) , +606 978 8237, suasakreatif@hotmail.com, NaN
SUCCESS STYLE SDN BHD (MFA-S76) , 07-4188333, intermultiandy@yahoo.com, NaN
SUN LINK WOOD WORK CRAFTING SDN BHD , +606 951 2378, NaN, NaN
SUNMAT INDUSTRIES SDN BHD (MFA-S28) , +606 986 9019, sunmatmu@gmail.com / sunmatadm@gmail.com, www.sunmatfabric.com
SUNRISE ENTERPRISE CO (MFA-S9) , +606 986 6258, sunrisenks@gmail.com, NaN
SUNYEE MARKETING SDN BHD (MFA-S52) , 06-9856868, sunyee_teo@yahoo.com.my, www.sunyeemarketing.com
SUPERIOR SKILLS SDN BHD (MFA-S40) , +606 985 8890 / +606 985 8891, superiorskills2007@hotmail.my, NaN
SWEET HOME CONCEPT SDN BHD (MFA-S29) , +606 9866637, jocye@sweethome.com / mlyfurn@mlymail.com, www.sweethome.my
SWEETDREAM MARKETING (KL) SDN BHD , +606 975 6218, NaN, NaN
SYARIKAT HONG HENG PERTUKANGAN KAYU , +606 953 4764, NaN, NaN
SYARIKAT SOON HENG PERABUT , +606 952 6559, shfurn@tm.net.my, NaN
SYNCOATES (M) SDN BHD (MFA-S33) , +606 986 5978, syncoat@po.jaring.my, NaN
SYNERGY WOOD PRODUCTS SDN BHD (MFA-S42) , +606 9867998, kschew@synergywood.com.my  synergywood.sales@gmail.com, www.synergywood.com.my
SYNWAY FURNITURE INDUSTRIES SDN BHD (MFA-S50) , +606 985 8998, info@synwayfurniture.com  admin@synwayfurniture.com  sam@synwayfurniture.com, www.synwayfurniture.com 
T & M FURNITURE ENTERPRISE (MFA-T27) , 012-6395766, jhx7883@live.com, NaN
T-HOME FURNITURE INDUSTRY SDN BHD (MFA-T6) , +606 951 1205, info@t-home.com.my, www.t-home.com.my
T.A. FURNITURE INDUSTRIES SDN BHD , +606 985 9781, jhloh@tafur.com.my / chianchiangoh@tafur.com.my, www.tafurniture.com.my
TAI SENG (MUAR) SDN BHD (MFA-T28) , 06-9860755, taisengplastic2009@hotmail.com, NaN
TALENT DESTAR (M) SDN BHD (MFA-T17) , +606 986 8471, talent.destar@hotmail.com, NaN
TAT JOO ENTERPRISE SDN BHD (MFA-T33) , 606-9856628, tj6682@huajoo.com.my, NaN
TATSHEN TRADING SDN BHD (MFA-T3) , +606 952 2637, tatshen@tm.net.my, NaN
TCS FURNISHING (MFA-T32) , 016-5240857, tcsfurnishing@gmail.com, NaN
TCW INDUSTRIES SDN BHD (MFA-T21) , +606 981 3235, tcwind@streamyx.com, NaN
TEK HEE FURNITURE (MFA-T16) , NaN, tsinn_9227@hotmail.com, NaN
TEK KHIAN FURNITURE (MFA-T15) , NaN, tsinn_9227@hotmail.com, NaN
TEODORA FURNITURE ENTERPRISE (MFA-T23) , +606 9531 679, teodorafurnitureenterprise@gmail.com, NaN
TEONG SHENG INDUSTRY SDN BHD (MFA-T5) , +606 979 1933, kobi_nathan@yahoo.com, www.teongsheng.com
TESTING , Testing, Testing, NaN
THONG LER TRADING SDN BHD (MFA-T31) , 017-7667389, thonglertrdsb@gmail.com, NaN
THS FURNISHING SDN BHD (MFA-T2) , +606 952 2162 / +606 951 1898 / +606 951 5900, richard@thsglobal.com / sales@ths.com.my, www.ths.com.my
TIAN JIN FURNITURE INDUSTRY (MFA-T19) , +606 986 7000, tianjin_8889@hotmail.com / tianjin@streamyx.com, NaN
TIANSENG SOFA (MFA-T7) , +606 986 6744, vivianlee.ts@gmail.com, NaN
TIDY LOCKS & FITTINGS SDN BHD , +606 952 5202, sales@tidy.net, www.tidy.net
TIGER EXCELLENT WOOD SDN BHD (MFA-T22) , +606 973 7555, info@tigerexcellent.com, www.tigerexcellent.com 
TKM HOME FURNISHINGS SDN BHD (MFA-T12) , +606 954 5111 / +606 954 5222, kmtantkm@streamyx.com / km@tkmhomefurnishings.com, www.tkmhomefurnishings.com
TLB WOOD ENTERPRISE SDN BHD (MFA-T25) , 606-9863919, tlb_nsc@yahoo.com  / kellytay6878@yahoo.com, NaN
TOP LINE UV SDN BHD (MFA-T26) , 016-3378038, toplineuv@gmail.com, NaN
TOPGARD RESOURCES SDN BHD (MFA-T24) , 606-9863363, enquiry@topgardresources.com, www.topgardresources.com
TRENT UPHOLSTERY INDUSTRIES SDN BHD , +606 986 5578, amy@trentupholstery.com, www.trentupholstery.com
TRIPLE S FURNISHING (MFA-T29) , 019-6666893, triplesfurnishing888@gmail.com, NaN
TRIPLE W FURNITURE INDUSTRY SDN BHD (MFA-T30) , 06-9869444, triple.w.furniture.industry@gmail.com, NaN
TRIPLE W FURNITURE INDUSTRY SDN BHD , 606-9869444, NaN, NaN
TSC FRAMEWOODS & PHOTO FRAME (M) SDN BHD , NaN, NaN, NaN
TSS FURNITURE INDUSTRIES SDN BHD , +606 975 5509/ +606 975 1539 / +606 975 5585, tssfur3738@gmail.com, NaN
UD PANELFORM SDN BHD (MFA-U1) , +606 9868882, info@udgroup.com.my, www.panelform.com
UD WOOD PRODUCTS SDN BHD (MFA-U2) , 06-9865236, info@udgroup.com.my, www.panelform.com
ULTRAFOAM (MELAKA) SDN BHD (MFA-U4) , 06-9869268, sales@muar.aqfoam.com, NaN
V FIBRE GLASS (MFA-V1) , +606 986 9297, v.fibre.glass@hotmail.com, NaN
V MAX FURNITURE SDN BHD (MFA-V4) , 016-2061199, sales@vmaxfurniture.com.my, www.vmaxfurniture.com.my
VALUED PRODUCTS (M) SDN BHD (MFA-V8) , 06-9865562, sernkou@sernkou.com, NaN
VICTORY METAL WORKS & TRADING (MFA-V6) , NaN, victorymwt@hotmail.com, NaN
VISTAWOOD INDUSTRIES SDN BHD (MFA-V3) , +606 986 5252, vistawood@vistawood.com, www.vistawood.com
VITALLY SDN BHD (MFA-V7) , 06-9524206, enquiry@vitally.com.my, www.vitally.com.my
VS CONCEPT FURNITURE SDN BHD (MFA-V2) , +606 985 6888, vs@vsfurniture.com / admin@vsfurniture.com, www.vsconceptfurniture.com
VS IDEA FURNITURE SDN BHD (MFA-V5) , 06-9863787 / 9863479, vsideafurniture@gmail.com, www.vsideafurniture.com.my
WA CUSHION SDN BHD (MFA-W9) , 606-9863588, jacelyn@wagroup.com.my, NaN
WA WIRING FURNITURE ENTERPRISE SDN BHD (MFA-W14) , 01 2- 906 0545, wawinning@gmail.com  / wawinning.acc@gmail.com, NaN
WEGMANS FURNITURE INDUSTRIES SDN. BHD. , 606-9867897, info@wegmansfurniture.com, www.wegmansfurniture.com
WEGMANS WOODWORK SDN BHD (MFA-W12) , 606-9867897, kohrc@wegmansfurniture.com, NaN
WEI BI ENTERPRISE (MFA-W6) , +606 986 3577, NaN, NaN
WELFORM FURNITURE INDUSTRIES SDN BHD , +606 986 8266, welform@welform.my, NaN
WICK FURNITURE , NaN, NaN, NaN
WILD INDUSTRIES SDN BHD (MFA-W7) , 606-987 3039, wild@wildind.com / lim@wildind.com, msia-woodpart.com
WIN KEN FURNITURE SDN BHD (MFA-W11) , 012-7767659, winkenfurniture@gmail.com, NaN
WINTERGREEN UPHOLSTERY SDN BHD , 012-2503977, wintergreen_enterprise@hotmail.com, NaN
WISON SCREW INDUSTRIES SDN BHD （MFA-W13） , 606-9860700, cerline@wisonscrew.com, www.wisonscrew.com
WOOD STAR ENTERPRISE (MFA-W5) , +606 986 0320, NaN, NaN
WORLDPAN FURNITURE SDN BHD , +606 986 0685, NaN, NaN
WS FURNITURE INDUSTRIES SDN BHD , 019-6668875, wsfurnitureind@gmail.com, NaN
XIANG YI ENTERPRISE SDN BHD (MFA-X1) , +606 986 6992 / +606 986 0992, info@xiangyienterprise.com, www.xiangyienterprise.com
XIN BEE ALUMINIUM & FRAME MAKER SDN BHD (MFA-X4) , 606-9873529 / 4529, xinbee.glass@yahoo.com, NaN
XIN SENG HUAT FURNITURE SDN BHD (MFA-X6) , 012-3399790, xinsenghuat@gmail.com / tanksxinsenghuat@gmail.com, NaN
XIN SHUN XING FURNITURE (MFA-X2) , +606 987 2943, shipping@xsxfurniture.com / khtan_16@hotmail.com, NaN
XINHE FURNITURE INDUSTRIES SDN BHD (MFA-X5) , 012-2540930, xinhefurniture@gmail.com, NaN
XINSHENG SOFA (MFA-X3) , +606 985 5088, xinsheng_sofa@hotmail.com, NaN
Y AIK FURNITURE (MFA-Y17) , +606 986 8780, NaN, NaN
YANGWOOD SDN BHD (MFA-Y1) , +606 981 2612, gan@yangwood.com / account@yangwood.com, www.yangwood.com
YEDDA FURNITURES SDN BHD (MFA-Y14) , +606 972 7669, yedda.fur@gmail.com, NaN
YEE GUAN FURNITURE MANUFACTURING SDN BHD , +606 985 7890, yeeguanf@streamyx.com / yeeguan@myjaring.net, www.yeeguan.com
YEE KO ENTERPRISE (MFA-Y28) , 606 - 986 5492, yeekoenterprise@gmail.com, NaN
YEO AIK HEVEA (M) SDN BHD (MFA-Y18) , +606 972 7178 / 606 9728518, personnel@yeoaik.com / hr.yeoaikhevea@gmail.com, NaN
YEO AIK WOOD SDN BHD (MFA-Y3) , +606 265 0111, ya@yeoaik.com / personnel@yeoaik.com, www.yeoaik.com
YH TEE FURNITURE TRADING SDN BHD (MFA-Y6) , +606 953 3975, yht@yhtfurniture.com, www.alibaba.com/member/yhtee.html
YIN DA TRADING (MFA-Y24) , 06-9534251, yinda_trading@hotmail.com, NaN
YING SHUN ENTERPRISE (MFA-Y12) , +606 986 0514, yingshun_yeo@yahoo.com, NaN
YINGS WOOD ENTERPRISE (MFA-Y22) , 012-6317919, yingswoodent@gmail.com, NaN
YL HOME FURNITURE (MFA-Y25) , 019-4645599, ylhome8899@hotmail.com, NaN
YO BROTHERS ENGINEERING SDN BHD , 606-9811777, yobro@hotmail.my, www.yobrothers.com.my
YON CHING INDUSTRIES SDN BHD , NaN, NaN, NaN
YONG HUAT FURNITURE SDN BHD , +606 986 7137, yonghuat8888@yahoo.com, NaN
YONG HUAT HENG INDUSTRIES SDN BHD , +606 986 6789, yonghuatheng@gmail.com, NaN
YONG LI TOOLS SDN BHD (MFA-Y23) , 06-9868696, yonglitools@hotmail.com, NaN
YONG LONG SDN BHD (MFA-Y9) , +606 987 4737, yonglong5@yahoo.com, NaN
YONSIN ENTERPRISE SDN BHD (MFA-Y10) , +606 987 5600 / +606 987 5200, mibth@streamyx.com, NaN
YU HENG INDUSTRIES SDN BHD (MFA-Y11) , +606 986 5539, NaN, NaN
YX HOME FURNITURE SDN BHD (MFA-Y27) , 019-4255599, yxhome@hotmail.com, NaN
Z METAL SDN BHD (MFA-Z5) , 012 - 610 0069, zmetalsb@gmail.com, NaN
ZHENTAI CUTTERS INDUSTRIES SDN BHD (MFA-Z1) , +606 986 9555 / +606 986 6997, zhentai@zhentai.com, www.zhentai.com
ZIKO WOOD ENTERPRISE  (MFA-Z4) , 06-9857524, cicowood@gmail.com, NaN
ZILLION CREATIONS SDN BHD (MFA-Z3) , +606 972 7192, zil1105@streamyx.com, NaN
ZION HARDWARE ENTERPRISE (MFA-Z2) , +606 986 3522, NaN, NaN
3 DAY'S FURNITURE SDN BHD (MFA-T18) , +606 981 1609 / 709, 3days9099@gmail.com, https://3daysfurniture.com
TMH FURNITURE IND. SDN. BHD. (MFA-T9) , 606-9710666, tmh@tmhfurniture.com, www.tmhfurniture.com
MOBILIA INTERNATIONAL SDN BHD , +606 986 0901, eric@mobiliainternational.com / khoo@mobiliainternational.com, www.mobiliainternational.com
LF FURNITURE INDUSTRIES SDN BHD , 606-9868802 / 9866080, lf@lffurniture.com, www.lffurniture.com
KF FURNITURE EXPORT SDN BHD (MFA-K25) , 06-985 6533, jacelyn@kffurnitureexport.com, www.kffurnitureexport.com
TECHCENTIAL SDN. BHD. (MFA-T4) , 606-9873999, admin@techcential.com / eng@techcential.com / louiseng@techcential.com, www.techcential.com
BSL FURNITURE SDN. BHD. (MFA-A10) , 606-9869722, bsl933@hotmail.com, www.bslfurniture.com
SF FURNITURE SDN. BHD. (MFA-S34) , 606-986 9958, info@sffurn.com / leo@sffurn.com, www.sffurn.com
DEEP FURNITURE SDN BHD (MFA-D2) , 06-987 5303, deep@deep303.com / sales@deep303.com, www.deep303.com
FURNCREST SDN BHD (MFA-F8) , +606 953 5055, info@funcrest.com, www.funcrest.com
HON WEI FURNITURE SDN. BHD. (MFA-H9) , 606-9859929, info@honweifurniture.com, www.honweifurniture.com
KER GLOBAL FURNITURE (M) SDN. BHD. (MFA-K9) , 606-9865668, csk@kerfurniture.com / info@kerfurniture.com / shley@kerfurniture.com, www.kerfurniture.com
FENG QUAN FURNITURE INDUSTRY (MFA-F13) , +606 986 3206, fengquan5796@hotmail.com, NaN
YEONG SHENG FURNITURE IND SDN BHD (MFA-Y4) , +606 986 7021 / +060 986 0087, info@yeongsheng.com, www.yeongsheng.com
ACE (MA) FURNITURE SDN BHD (MFA-A1) , 606-9858585 / 9857642, acemafurnsb@yahoo.com, NaN
NEW VISTA SDN. BHD. (MFA-H4) , 06-9867015, vista9933@hotmail.com, NaN
POH HUAT FURNITURE IND. SDN. BHD. , 606-9859688, homeoffice@pohhuat.com, www.pohhuat.com
B. E. FURNITURE SDN BHD (MFA-B2) , 606-9855111 , engmd@bintangemas.com, bintangemas.com
HUI WAN FURNITURE (MFA-H26) , +606 986 8893, huiwan85@hotmail.com, NaN
SYARIKAT PERABUT BUKIT BATU SDN BHD , +606 986 5269, bukitbatu@hotmail.com, www.bukitbatu.com.my
ISOTOP CORPORATON SDN BHD , +606 952 0857 / +606 951 7285, isotop@isotop.com.my, www.isotop.com.my
LENG SHENG FURNITURE INDUSTRIES SDN. BHD. (MFA-L22) , 606-9860554, NaN, NaN
PLYMAX VENEER SDN BHD (MFA-P14) , 606 - 987 2000, info@plymax.com,  www.plymax.com
ALIAN TRADING SDN. BHD. (MFA-A7) , 606-9856791, aliantrd@gmail.com, NaN
MAGNA LUXURY SDN BHD (MFA-M10) , +606 986 0998, magna@myjaring.net, NaN
INFINITY FURNITURE INDUSTRY (MFA-I11) , 606-9529881, info@infinityfurniture.com.my, www.infinityfurniture.com.my
AIREGOLD SDN BHD (MFA-A5) , 606-9859233 / 9858127, alby@airegold.com / spchia@airegold.com / ng@airegold.com / purchasing@airegold.com, www.airegold.com
YOUNG SING INDUSTRY SDN BHD , +606 986 5355, sin6126@gmail.com, NaN
CONCORDE FURNITURE INDUSTRIES SDN BHD , 606-9811537, info@concordefurn.com / jimmy@concordefurn.com /, www.concordefurn.com
SOUTHERN LEGEND SDN. BHD. (MFA-S38) , 606-9873111, slsb5543@streamyx.com, NaN
KOK WEE SIANG (MFA-K11) , 012-6776321, NaN, NaN
YEU HONG FURNITURE INDUSTRIES SDN BHD , 606-9872200, yeuhong@yeuhong.com / choon-yen.tang@yeuhong.com, www.yeuhong.com
SMOOTH STAR ENTERPRISE SDN BHD , +606 985 8885, pohchin@smoothstar.net, www.smoothstar.net
HOME UPHOLSTERY INDUSTRIES SDN BHD , 606-9865000, enquiry@eritz.com.my /  yhpua@eritz.com.my, www.eritz.com.my
NCS WOOD PRODUCTS SDN. BHD. , 606-9863919, tlb_nsc@yahoo.com  / kellytay6878@yahoo.com, NaN
MASMI FURNITURE SDN. BHD. (MFA-M23) , 606-9860111, info@axfurniture.com, NaN
N.T FURNITURE INDUSTRIES (M) SDN BHD , NaN, lptan-nt@hotmail.com, NaN
POH KEONG INDUSTRIES SDN.BHD. (MFA-P12) , 606-9850258, info@pohkeongfurniture.org, www.pohkeongfurniture.com
U VENEER SDN. BHD. (MFA-U3) , 606-06-9858793, ethan.uv@gmail.com, https://uveneer.com.my/about/
JC HARDWARE MARKETING SDN. BHD. (MFA-J10) , 606-9517557, jchardware2016@gmail.com, NaN
